<application>
  <component name="FileTypeManager" version="19">
    <extensionMap>
      <mapping pattern=".springjavaformatconfig" type="PLAIN_TEXT" />
      <removed_mapping ext="ignore" approved="true" type="IgnoreLang file" />
      <removed_mapping ext="log" approved="true" type="PLAIN_TEXT" />
      <removed_mapping pattern=".devcontainer.json" approved="true" type="JSON5" />
      <removed_mapping pattern="devcontainer.json" approved="true" type="JSON5" />
    </extensionMap>
  </component>
</application>