<application>
  <component name="Trusted.Paths">
    <option name="TRUSTED_PROJECT_PATHS">
      <map>
        <entry key="C:\Users\pc\Downloads\livrable.20250613\dist" value="false" />
        <entry key="C:\practice\java\core" value="true" />
        <entry key="C:\practice\java\core\uncertain-knocker" value="true" />
        <entry key="C:\practice\java\cwd" value="true" />
        <entry key="C:\projects\clients\smbk-all\smbk" value="true" />
        <entry key="C:\projects\clients\smbk-all\smbk_ui_upgrade" value="true" />
        <entry key="C:\projects\clients\smbk-call\smbk-call-api" value="true" />
        <entry key="C:\projects\clients\smbk-call\smbk-call-ui" value="true" />
        <entry key="C:\projects\clients\smbk-call\smbkcall" value="true" />
        <entry key="C:\projects\clients\smbk-customer-all\smbk-customer" value="true" />
        <entry key="C:\projects\clients\smbk-customer-all\smbk-customer-ui" value="true" />
        <entry key="C:\projects\deeti\cwd" value="true" />
        <entry key="C:\projects\deeti\naresh_deeti" value="true" />
        <entry key="C:\projects\monvi\theklean\kemuvin" value="true" />
        <entry key="C:\projects\monvi\theklean\kemuvin\kemuvin-user" value="true" />
        <entry key="C:\projects\monvi\theklean\kemuvin_user_client" value="true" />
        <entry key="C:\projects\monvi\theklean\kemuvin_vendor_client" value="true" />
        <entry key="C:\projects\ocro\wagamaho-all\gate8" value="true" />
        <entry key="C:\projects\simple-hibernate-tool" value="true" />
      </map>
    </option>
  </component>
  <component name="Trusted.Paths.Settings">
    <option name="TRUSTED_PATHS">
      <list>
        <option value="C:\projects\ocro\wagamaho-all" />
        <option value="C:\projects\clients\smbk-all" />
        <option value="C:\projects\clients\smbk-customer-all" />
        <option value="C:\practice\java" />
        <option value="C:\projects\clients\smbk-call" />
        <option value="C:\projects\monvi\theklean" />
        <option value="C:\projects" />
      </list>
    </option>
  </component>
</application>