<application>
  <component name="DimensionService">
    <location key="find.popup.0.0.1920.1080" x="721" y="134" />
    <size key="GridCell.Tab.0.left.0.0.1920.1080" width="1838" height="298" />
    <size key="GridCell.Tab.0.center.0.0.1920.1080" width="1838" height="298" />
    <size key="GridCell.Tab.0.right.0.0.1920.1080" width="1838" height="298" />
    <size key="GridCell.Tab.0.bottom.0.0.1920.1080" width="1838" height="298" />
    <size key="GridCell.Tab.1.left.0.0.1920.1080" width="1367" height="417" />
    <size key="GridCell.Tab.1.center.0.0.1920.1080" width="1367" height="417" />
    <size key="GridCell.Tab.1.right.0.0.1920.1080" width="1367" height="417" />
    <size key="GridCell.Tab.1.bottom.0.0.1920.1080" width="1367" height="417" />
    <size key="GridCell.Tab.2.left.0.0.1920.1080" width="1838" height="438" />
    <size key="GridCell.Tab.2.center.0.0.1920.1080" width="1838" height="438" />
    <size key="GridCell.Tab.2.right.0.0.1920.1080" width="1838" height="438" />
    <size key="GridCell.Tab.2.bottom.0.0.1920.1080" width="1838" height="438" />
    <size key="GridCell.Tab.3.left.0.0.1920.1080" width="1838" height="438" />
    <size key="GridCell.Tab.3.center.0.0.1920.1080" width="1838" height="438" />
    <size key="GridCell.Tab.3.right.0.0.1920.1080" width="1838" height="438" />
    <size key="GridCell.Tab.3.bottom.0.0.1920.1080" width="1838" height="438" />
    <size key="find.popup.0.0.1920.1080" width="776" height="594" />
  </component>
  <component name="WindowManager">
    <frame x="-8" y="-8" width="1936" height="1048" extendedState="6" />
  </component>
  <component name="WindowStateApplicationService">
    <state width="595" height="107" key="ShowUsagesActions.dimensionServiceKey" timestamp="1756725872227">
      <screen x="0" y="0" width="1920" height="1032" />
    </state>
    <state width="595" height="107" key="ShowUsagesActions.dimensionServiceKey/0.0.1920.1032" timestamp="1756725872227" />
    <state x="960" y="452" width="800" height="650" key="WELCOME_SCREEN" timestamp="1756799639515">
      <screen x="0" y="0" width="1920" height="1032" />
    </state>
    <state x="960" y="452" width="800" height="650" key="WELCOME_SCREEN/0.0.1920.1032" timestamp="1756799639515" />
    <state width="300" height="524" key="manage.recent.projects.popup" timestamp="1749537618649">
      <screen x="0" y="0" width="1920" height="1032" />
    </state>
    <state width="300" height="524" key="manage.recent.projects.popup/0.0.1920.1032" timestamp="1749537618649" />
  </component>
</application>